{"node": {"21": {"y": -11.699015660653828, "z": 12.0, "x": 3.5}, "36": {"y": 15.699015660653828, "z": 12.0, "x": -3.5}, "10": {"y": -15.699015660653828, "z": 12.0, "x": -0.5}, "14": {"y": -4.6990156606538278, "z": 10.0, "x": -2.0}, "13": {"y": 1.6990156606538278, "z": 13.0, "x": 0.5}, "31": {"y": -10.269713927952324, "z": 0.0, "x": 0.0}, "45": {"y": -5.6990156606538278, "z": 13.0, "x": 3.5}, "3": {"y": -11.699015660653828, "z": 12.0, "x": -3.5}, "1": {"y": 10.269713927952324, "z": 0.0, "x": 0.0}, "35": {"y": 15.699015660653828, "z": 12.0, "x": 0.5}, "9": {"y": -6.6990156606538278, "z": 7.0, "x": 0.0}, "30": {"y": -15.699015660653828, "z": 12.0, "x": 0.5}, "22": {"y": 11.699015660653828, "z": 12.0, "x": -3.5}, "20": {"y": 15.699015660653828, "z": 12.0, "x": 3.5}, "23": {"y": -15.699015660653828, "z": 12.0, "x": 3.5}, "44": {"y": 1.6990156606538278, "z": 13.0, "x": 3.5}, "24": {"y": -1.6990156606538278, "z": 13.0, "x": 0.5}, "16": {"y": 12.699015660653842, "z": 9.0, "x": -2.0}, "29": {"y": -5.6990156606538278, "z": 13.0, "x": -3.5}, "33": {"y": 11.699015660653828, "z": 12.0, "x": -0.5}, "7": {"y": -1.6990156606538278, "z": 13.0, "x": -3.5}, "18": {"y": 5.6990156606538278, "z": 13.0, "x": -3.5}, "17": {"y": 10.699015660653828, "z": 7.0, "x": 0.0}, "34": {"y": 12.699015660653842, "z": 9.0, "x": 2.0}, "42": {"y": 11.699015660653828, "z": 12.0, "x": 3.5}, "43": {"y": -11.699015660653828, "z": 12.0, "x": -0.5}, "25": {"y": 5.6990156606538278, "z": 13.0, "x": 3.5}, "6": {"y": -12.699015660653842, "z": 9.0, "x": -2.0}, "32": {"y": 5.6990156606538278, "z": 13.0, "x": 0.5}, "41": {"y": 4.6990156606538278, "z": 10.0, "x": -2.0}, "28": {"y": 1.6990156606538278, "z": 13.0, "x": -3.5}, "38": {"y": -15.699015660653828, "z": 12.0, "x": -3.5}, "19": {"y": -11.699015660653828, "z": 12.0, "x": 0.5}, "37": {"y": 6.6990156606538278, "z": 7.0, "x": 0.0}, "4": {"y": 1.6990156606538278, "z": 13.0, "x": -0.5}, "40": {"y": 15.699015660653828, "z": 12.0, "x": -0.5}, "12": {"y": -5.6990156606538278, "z": 13.0, "x": -0.5}, "39": {"y": -10.699015660653828, "z": 7.0, "x": 0.0}, "2": {"y": 4.6990156606538278, "z": 10.0, "x": 2.0}, "27": {"y": -1.6990156606538278, "z": 13.0, "x": -0.5}, "5": {"y": 11.699015660653828, "z": 12.0, "x": 0.5}, "0": {"y": 5.6990156606538278, "z": 13.0, "x": -0.5}, "8": {"y": -12.699015660653842, "z": 9.0, "x": 2.0}, "11": {"y": -1.6990156606538278, "z": 13.0, "x": 3.5}, "26": {"y": -5.6990156606538278, "z": 13.0, "x": 0.5}, "15": {"y": -4.6990156606538278, "z": 10.0, "x": 2.0}}, "adjacency": {"21": {"8": null}, "36": {"16": null}, "10": {"6": null}, "14": {"9": null, "7": null, "12": null, "27": null, "29": null}, "13": {"2": null}, "31": {"9": null, "39": null}, "45": {"15": null}, "3": {"6": null}, "1": {"17": null, "37": null}, "35": {"34": null}, "9": {"14": null, "15": null, "39": null, "31": null}, "30": {"8": null}, "22": {"16": null}, "20": {"34": null}, "23": {"8": null}, "44": {"2": null}, "24": {"15": null}, "16": {"33": null, "17": null, "40": null, "36": null, "22": null}, "29": {"14": null}, "33": {"16": null}, "7": {"14": null}, "18": {"41": null}, "17": {"1": null, "34": null, "16": null, "37": null}, "34": {"20": null, "42": null, "5": null, "17": null, "35": null}, "42": {"34": null}, "43": {"6": null}, "25": {"2": null}, "6": {"10": null, "3": null, "39": null, "38": null, "43": null}, "32": {"2": null}, "41": {"28": null, "0": null, "18": null, "4": null, "37": null}, "28": {"41": null}, "38": {"6": null}, "19": {"8": null}, "37": {"1": null, "2": null, "41": null, "17": null}, "4": {"41": null}, "40": {"16": null}, "12": {"14": null}, "39": {"6": null, "8": null, "9": null, "31": null}, "2": {"37": null, "25": null, "13": null, "44": null, "32": null}, "27": {"14": null}, "5": {"34": null}, "0": {"41": null}, "8": {"19": null, "39": null, "30": null, "21": null, "23": null}, "11": {"15": null}, "26": {"15": null}, "15": {"9": null, "45": null, "11": null, "24": null, "26": null}}, "max_node": 45, "dna": {"y": 0.0, "z": 0.0, "x": 0.0}, "edge": {"21": {}, "36": {"16": {}}, "10": {"6": {}}, "14": {"29": {}, "9": {}, "12": {}}, "13": {"2": {}}, "31": {}, "45": {}, "3": {}, "1": {}, "35": {"34": {}}, "9": {"39": {}, "31": {}}, "30": {"8": {}}, "22": {}, "20": {"34": {}}, "23": {"8": {}}, "44": {"2": {}}, "24": {"15": {}}, "16": {"22": {}, "33": {}, "17": {}}, "29": {}, "33": {}, "7": {"14": {}}, "18": {}, "17": {"1": {}}, "34": {"42": {}, "17": {}, "5": {}}, "42": {}, "43": {}, "25": {}, "6": {"3": {}, "43": {}, "39": {}}, "32": {}, "41": {"0": {}, "18": {}, "37": {}}, "28": {"41": {}}, "38": {"6": {}}, "19": {}, "37": {"1": {}, "17": {}}, "4": {"41": {}}, "40": {"16": {}}, "12": {}, "39": {"31": {}}, "2": {"32": {}, "25": {}, "37": {}}, "27": {"14": {}}, "5": {}, "0": {}, "8": {"19": {}, "21": {}, "39": {}}, "11": {"15": {}}, "26": {}, "15": {"45": {}, "9": {}, "26": {}}}, "attributes": {"name": "Network"}, "dea": {}}