{"node": {"21": {"y": -15.699015660653828, "z": 12.0, "x": 0.5}, "10": {"y": -11.699015660653828, "z": 12.0, "x": 0.5}, "14": {"y": -15.699015660653828, "z": 12.0, "x": 3.5}, "13": {"y": 11.699015660653828, "z": 12.0, "x": -3.5}, "31": {"y": -5.6990156606538278, "z": 13.0, "x": 3.5}, "3": {"y": 11.699015660653828, "z": 12.0, "x": 0.5}, "1": {"y": -11.699015660653828, "z": 12.0, "x": -3.5}, "9": {"y": 5.6990156606538278, "z": 13.0, "x": -3.5}, "30": {"y": 1.6990156606538278, "z": 13.0, "x": 3.5}, "22": {"y": 5.6990156606538278, "z": 13.0, "x": 0.5}, "20": {"y": -5.6990156606538278, "z": 13.0, "x": -3.5}, "23": {"y": 11.699015660653828, "z": 12.0, "x": -0.5}, "24": {"y": 15.699015660653828, "z": 12.0, "x": 0.5}, "16": {"y": 5.6990156606538278, "z": 13.0, "x": 3.5}, "29": {"y": -11.699015660653828, "z": 12.0, "x": -0.5}, "7": {"y": -5.6990156606538278, "z": 13.0, "x": -0.5}, "18": {"y": -1.6990156606538278, "z": 13.0, "x": -0.5}, "17": {"y": -5.6990156606538278, "z": 13.0, "x": 0.5}, "25": {"y": 15.699015660653828, "z": 12.0, "x": -3.5}, "6": {"y": -1.6990156606538278, "z": 13.0, "x": 3.5}, "28": {"y": 11.699015660653828, "z": 12.0, "x": 3.5}, "19": {"y": 1.6990156606538278, "z": 13.0, "x": -3.5}, "4": {"y": -1.6990156606538278, "z": 13.0, "x": -3.5}, "12": {"y": -11.699015660653828, "z": 12.0, "x": 3.5}, "2": {"y": 1.6990156606538278, "z": 13.0, "x": -0.5}, "27": {"y": 15.699015660653828, "z": 12.0, "x": -0.5}, "5": {"y": -15.699015660653828, "z": 12.0, "x": -0.5}, "0": {"y": 5.6990156606538278, "z": 13.0, "x": -0.5}, "8": {"y": 1.6990156606538278, "z": 13.0, "x": 0.5}, "11": {"y": 15.699015660653828, "z": 12.0, "x": 3.5}, "26": {"y": -15.699015660653828, "z": 12.0, "x": -3.5}, "15": {"y": -1.6990156606538278, "z": 13.0, "x": 0.5}}, "adjacency": {"21": {"10": null, "14": null, "5": null}, "10": {"29": null, "21": null, "17": null, "12": null}, "14": {"21": null, "12": null}, "13": {"23": null, "9": null, "25": null}, "31": {"6": null, "17": null, "12": null}, "3": {"23": null, "22": null, "24": null, "28": null}, "1": {"29": null, "26": null, "20": null}, "9": {"13": null, "0": null, "19": null}, "30": {"6": null, "8": null, "16": null}, "22": {"3": null, "0": null, "8": null, "16": null}, "20": {"1": null, "7": null, "4": null}, "23": {"3": null, "0": null, "27": null, "13": null}, "24": {"3": null, "11": null, "27": null}, "16": {"30": null, "22": null, "28": null}, "29": {"1": null, "10": null, "7": null, "5": null}, "7": {"29": null, "20": null, "17": null, "18": null}, "18": {"2": null, "7": null, "15": null, "4": null}, "17": {"10": null, "7": null, "15": null, "31": null}, "25": {"13": null, "27": null}, "6": {"30": null, "15": null, "31": null}, "28": {"3": null, "11": null, "16": null}, "19": {"2": null, "9": null, "4": null}, "4": {"19": null, "20": null, "18": null}, "12": {"10": null, "14": null, "31": null}, "2": {"0": null, "8": null, "18": null, "19": null}, "27": {"23": null, "24": null, "25": null}, "5": {"29": null, "26": null, "21": null}, "0": {"23": null, "22": null, "2": null, "9": null}, "8": {"2": null, "30": null, "22": null, "15": null}, "11": {"24": null, "28": null}, "26": {"1": null, "5": null}, "15": {"6": null, "8": null, "17": null, "18": null}}, "max_node": 31, "dna": {"y": 0.0, "z": 0.0, "x": 0.0}, "edge": {"21": {"10": {}, "14": {}}, "10": {"17": {}, "12": {}}, "14": {"12": {}}, "13": {"9": {}}, "31": {"6": {}}, "3": {"22": {}, "28": {}}, "1": {"20": {}}, "9": {"19": {}}, "30": {}, "22": {"8": {}, "16": {}}, "20": {"4": {}}, "23": {"3": {}, "0": {}, "13": {}}, "24": {"3": {}, "11": {}}, "16": {"30": {}}, "29": {"1": {}, "10": {}, "7": {}}, "7": {"20": {}, "17": {}, "18": {}}, "18": {"2": {}, "15": {}, "4": {}}, "17": {"15": {}, "31": {}}, "25": {"13": {}}, "6": {"30": {}}, "28": {"16": {}}, "19": {}, "4": {"19": {}}, "12": {"31": {}}, "2": {"8": {}, "19": {}}, "27": {"23": {}, "24": {}, "25": {}}, "5": {"29": {}, "26": {}, "21": {}}, "0": {"2": {}, "22": {}, "9": {}}, "8": {"30": {}}, "11": {"28": {}}, "26": {"1": {}}, "15": {"6": {}, "8": {}}}, "attributes": {"name": "Network"}, "dea": {}}